Codon,Count
AAA,29252
AAC,18247
AAG,31762
AAT,16565
ACA,20470
ACC,26598
ACG,14869
ACT,21858
AGA,34999
AGC,45509
AGG,46984
AGT,24843
ATA,11307
ATC,16452
ATG,15374
ATT,19627
CAA,19842
CAC,26213
CAG,48739
CAT,16942
CCA,35655
CCC,65248
CCG,56791
CCT,46870
CGA,19858
CGC,55464
CGG,60648
CGT,17207
CTA,14061
CTC,47201
CTG,53619
CTT,31873
GAA,32330
GAC,27539
GAG,55792
GAT,17288
GCA,33179
GCC,69978
GCG,60689
GCT,44393
GGA,50012
GGC,70521
GGG,66373
GGT,29208
GTA,12565
GTC,27235
GTG,35465
GTT,22491
TAA,14553
TAC,11674
TAG,15554
TAT,11663
TCA,22652
TCC,44385
TCG,21080
TCT,33355
TGA,27792
TGC,36151
TGG,41820
TGT,25892
TTA,15613
TTC,31065
TTG,27274
TTT,37540
